Issue Type,Summary,Assignee,Priority,Original Estimate,Component,Labels,Description
Task,[T01] [Coding] Thuật toán RLE,Phát,High,8h,Core Algorithms,RLE,Cài đặt thuật toán đếm dồn (Nén/Giải nén). Xử lý kỹ trường hợp tràn số đếm (chuỗi lặp > 255 ký tự).
Task,[T02] [Report] Báo cáo RLE (Mục 3.3 & 3.4),Phát,High,6h,Report Drafting,"Report, RLE","Mục 3.3: Giới thiệu ứng dụng (máy Fax), viết Pseudocode mã giả, lập bảng trace từng bước đếm dồn với chuỗi BABBACAC, phân tích độ phức tạp Big-O, và thảo luận về điểm yếu nén âm. Mục 3.4: Tự phân tích hiệu năng của RLE khi dung lượng file tăng dần và sự khác biệt khi nén file lặp so với file ngẫu nhiên."
Task,[T03] [Video] Quay Demo cá nhân (RLE),Phát,Medium,1h,Media & Submission,Video,Tự quay màn hình biên dịch và chạy thành công code RLE của mình.
Task,[T04] [Video] Edit Video (Lead),Phát,Highest,8h,Media & Submission,"Video, Mandatory","Nhận file quay màn hình từ Khoa, Tấn, Cường. Cắt ghép thành video tổng (tối đa 5 phút). Tải lên YouTube, chèn Timestamps vào phần mô tả và tạo file video.txt chứa link."
Task,[T05] [Coding] Thuật toán LZW,Khoa,High,16h,Core Algorithms,LZW,Cài đặt thuật toán LZW. Quản lý chính xác cấu trúc Bảng từ điển động (Dynamic Dictionary) trong cả hai chiều nén và giải nén.
Task,[T06] [Testcases] Tạo bộ dữ liệu dùng chung,Khoa,Highest,4h,Benchmarking,Testcases,Tạo các file text theo yêu cầu: file từ 10 KB đến 10 MB (Scenario 1) và các file 1 MB với độ hỗn loạn khác nhau (Scenario 2).
Task,[T07] [Benchmarking] Chạy Đo đạc thực tế,Khoa,High,8h,Benchmarking,Experiments,"Khởi chạy CLI nén/giải nén cho CẢ 4 thuật toán trên các file testcase. Lập bảng Excel thống kê (Thời gian, Ratio, Space Savings) và gửi cho Phát, Tấn, Cường làm tư liệu viết báo cáo."
Task,[T08] [Report] Báo cáo LZW (Mục 3.3 & 3.4),Khoa,High,8h,Report Drafting,"Report, LZW","Mục 3.3: Viết phần giới thiệu ứng dụng (GIF), Pseudocode, lập bảng trace minh họa từ điển mở rộng với chuỗi BABBACAC, phân tích Big-O, và thảo luận về overhead của từ điển ban đầu. Mục 3.4: Tự phân tích, nhận xét đánh giá hiệu năng của thuật toán LZW dựa trên số liệu thực nghiệm."
Task,[T09] [Video] Quay Demo cá nhân (LZW),Khoa,Medium,1h,Media & Submission,Video,Tự quay màn hình chạy code LZW và gửi file gốc cho Phát.
Task,[T10] [Coding] Kiến trúc CLI,Tấn,Highest,6h,System Architecture,"CLI, Architecture","Xây dựng bộ đọc tham số dòng lệnh xử lý 4 cờ (-a, -m, -i, -o). Đảm bảo chương trình báo lỗi chuẩn xác nếu sai cú pháp."
Task,[T11] [Coding] Thuật toán Huffman,Tấn,High,14h,Core Algorithms,Huffman,"Lập trình nén cấp độ bit (bit-level). Xây dựng bảng tần suất, Min-Heap, Cây Huffman và lưu/đọc Header."
Task,[T12] [Coding] Module Đo lường,Tấn,High,4h,System Architecture,Metrics,Viết hàm dùng std::chrono đo thời gian thực thi (ms). Tính toán thông số và in kết quả ra Console đúng định dạng ví dụ.
Task,[T13] [Report] Báo cáo Huffman (Mục 3.3 & 3.4),Tấn,High,8h,Report Drafting,"Report, Huffman","Mục 3.3: Viết giới thiệu ứng dụng (JPEG), Pseudocode nén/giải nén, trace từng bước dựng cây Min-Heap với chuỗi BABBACAC, phân tích độ phức tạp. Mục 3.4: Phân tích và đánh giá biểu đồ hiệu năng của thuật toán Huffman dựa trên số liệu chung."
Task,[T14] [Nộp bài] Readme & Đóng gói,Tấn,Highest,3h,Media & Submission,"Submission, Mandatory","Viết file readme.txt (có lệnh g++ -std=c++17). Xóa các file rác .exe, đóng gói source code, báo cáo, video link thành file <GroupID>.zip."
Task,[T15] [Video] Quay Demo cá nhân (Huffman),Tấn,Medium,1h,Media & Submission,Video,Tự quay màn hình chạy code Huffman và gửi file gốc cho Phát.
Task,[T16] [Coding] Thuật toán Bonus (Arithmetic),Cường,High,18h,Bonus Algorithm,Arithmetic,Cài đặt mã hóa số học (+1.0 điểm). Xử lý việc thu hẹp khoảng xác suất và kỹ thuật renormalization để chống tràn số thực.
Task,[T17] [Report] Báo cáo Arithmetic (Mục 3.3 & 3.4),Cường,High,8h,Report Drafting,"Report, Arithmetic","Mục 3.3: Viết lý thuyết giải thích sự vượt trội của thuật toán, Pseudocode, phân tích Big-O và lập bảng biến thiên thu hẹp khoảng [low, high) qua chuỗi BABBACAC. Mục 3.4: Phân tích hiệu năng thực tế của Arithmetic Coding so với giới hạn lý thuyết."
Task,[T18] [Report] Định dạng & Tổng hợp File Báo cáo (Lead),Cường,Highest,8h,Report Lead,Report,"Tạo khung file PDF Report.pdf hoàn chỉnh. Gom các phần phân tích thuật toán (Mục 3.3, 3.4) do Phát, Khoa, Tấn tự viết vào file chung. Viết Mục 3.1, 3.2, 3.5, 3.6 (Định nghĩa bài toán, Trích dẫn IEEE, Nhận xét chung)."
Task,[T19] [Video] Quay Demo cá nhân (Arithmetic),Cường,Medium,1h,Media & Submission,Video,Tự quay màn hình chạy code Arithmetic và gửi file gốc cho Phát.
